target,rmse,mae,bias
pH,0.7437299754864484,0.5552036145950511,0.031729219521636674
CEC,10.00041458069368,6.650381735015508,0.6532010797360203
