component,explained_variance_ratio
1,0.29764608
2,0.16348627
3,0.079281144
4,0.06506065
5,0.059565052
6,0.037553445
