target,rmse,mae,r2
pH,0.39238607501827744,0.21745689925955727,0.07125079305027737
CEC,2.8526795684282615,1.8570001845858237,0.21795357056551878
