paddock,samples,rmse,mae,r2
HILLPDK,33,0.16459830605861644,0.12569103820531655,0.4572562434443843
LIGHTNING_TREE,27,0.32067690710360924,0.27718300997107115,0.23607202184994902
