target,samples,rmse,mae,r2
na_cmol,9,0.30227353902783083,0.22627777566512425,-0.22353406951357369
esp,9,2.339002372918833,2.0776666426658625,-0.3130237152554214
