target,feature_set,paddock,n_test,rmse,mae,r2
pH,best_bands,400,9,0.5289005628865647,0.37317415361051204,-0.17890702269629255
pH,best_bands,HILLPDK,33,0.45772258899267254,0.2639898926320703,-0.08826120725111841
pH,best_bands,LIGHTNING_TREE,27,0.32979670397581523,0.2726889140517624,0.05724825667766431
CEC,best_bands,400,9,4.492261869387879,3.3982961460396095,-0.49113672858002944
CEC,best_bands,HILLPDK,33,3.587297356618422,2.8602221819848723,-0.40708911924294133
CEC,best_bands,LIGHTNING_TREE,27,2.513292320390732,2.068469126312821,0.24405161086274474
ESP,best_bands,400,9,2.705524248713458,2.513253749233705,-0.7567667653826591
ESP,best_bands,HILLPDK,33,3.2312781421663037,2.921632705553613,-0.7400646575310745
ESP,best_bands,LIGHTNING_TREE,27,2.4832852898382938,2.06391163147526,-0.19507945386104675
